time,steal_pct,busy_pct,sm_mhz,power_w,temp_c,pstate,gpu_util
1791223415.489,0.0,82.0,300,12.83,46,8,0
1791223415.991,0.0,65.7,300,11.94,46,8,0
1791223416.491,0.0,97.0,300,12.03,46,8,0
1791223416.991,0.0,95.0,300,12.33,46,8,0
1791223417.492,0.0,99.0,300,12.33,46,8,0
1791223417.993,0.0,98.0,300,11.84,46,8,0
1791223418.493,0.0,97.0,300,12.03,46,8,0
1791223418.993,0.0,100.0,300,12.13,46,8,0
1791223419.494,0.0,98.0,300,11.84,46,8,0
1791223419.997,0.0,97.0,300,12.13,46,8,0
1791223420.499,0.0,96.0,300,11.84,46,8,0
1791223420.999,0.0,96.0,300,12.23,46,8,0
1791223421.507,0.0,99.0,300,13.03,46,8,0
1791223422.007,0.0,100.0,300,11.84,46,8,0
1791223422.511,0.0,95.0,300,12.33,46,8,0
1791223423.011,0.0,79.8,300,12.24,46,8,0
1791223423.512,0.0,82.8,300,11.84,46,8,0
1791223424.014,0.0,82.8,300,12.13,46,8,0
1791223424.514,0.0,35.4,300,12.14,46,8,0
1791223425.014,0.0,30.3,300,12.13,46,8,0
1791223425.515,0.0,28.9,300,11.94,46,8,0
1791223426.015,0.0,26.5,300,12.13,46,8,0
1791223426.516,0.0,29.9,300,12.23,46,8,0
1791223427.016,0.0,25.8,300,12.23,46,8,0
1791223427.516,0.0,29.3,300,12.33,46,8,0
1791223428.017,0.0,24.2,300,12.04,46,8,0
1791223428.517,0.0,28.3,300,12.04,46,8,0
1791223429.017,0.0,25.0,300,12.03,46,8,0
1791223429.518,0.0,27.8,300,12.13,46,8,0
1791223430.022,0.0,26.5,300,12.13,46,8,0
1791223430.523,0.0,35.1,300,12.23,46,8,0
1791223431.023,0.0,25.5,300,12.33,46,8,0
1791223431.523,0.0,27.1,300,12.13,46,8,0
1791223432.024,0.0,31.6,300,12.13,46,8,0
1791223432.524,0.0,33.0,300,12.03,46,8,0
1791223433.024,0.0,29.9,300,12.13,46,8,0
1791223433.525,0.0,28.6,300,12.03,46,8,0
1791223434.025,0.0,23.5,300,11.84,46,8,0
1791223434.525,0.0,75.5,300,12.03,46,8,0
1791223435.026,0.0,78.8,300,11.94,46,8,0
1791223435.526,0.0,77.2,300,12.33,46,8,0
1791223436.027,0.0,81.6,300,11.84,46,8,0
1791223436.527,0.0,61.9,300,12.03,46,8,0
1791223437.027,0.0,26.8,300,12.93,46,8,0
1791223437.528,0.0,39.8,300,11.84,46,8,0
1791223438.028,0.0,78.2,765,29.40,47,0,3
1791223438.529,0.0,53.1,645,29.10,47,0,0
1791223439.029,0.0,50.5,585,29.00,47,0,0
1791223439.529,0.0,45.9,585,29.00,47,0,0
1791223440.030,0.0,48.0,585,29.00,47,0,0
1791223440.530,0.0,49.5,585,29.10,47,0,0
1791223441.030,0.0,25.0,585,29.10,47,0,0
1791223441.531,0.0,46.9,585,29.10,47,0,0
1791223442.031,0.0,49.0,585,29.10,47,0,0
1791223442.532,0.0,90.0,585,29.10,47,0,0
1791223443.033,0.0,85.1,585,29.10,47,0,0
1791223443.533,0.0,48.0,585,29.10,48,0,0
1791223444.033,0.0,49.0,585,29.10,48,0,0
1791223444.534,0.0,48.5,585,29.20,48,0,0
1791223445.034,0.0,53.1,585,29.20,48,0,0
1791223445.534,0.0,54.5,585,29.20,48,0,0
1791223446.035,0.0,52.0,585,29.20,48,0,0
1791223446.537,0.0,45.4,585,29.30,48,0,1
1791223447.037,0.0,68.7,585,29.20,48,0,2
1791223447.537,0.0,63.3,585,29.20,48,0,0
1791223448.038,0.0,68.4,585,29.20,48,0,0
1791223448.538,0.0,75.8,585,29.30,48,0,0
1791223449.039,0.0,32.7,585,29.30,48,0,3
1791223449.540,0.0,47.0,585,29.30,49,0,2
1791223450.040,0.0,44.7,585,29.30,49,0,0
1791223450.542,0.0,68.7,585,29.30,49,0,0
1791223451.042,0.0,81.0,585,29.30,49,0,0
1791223451.542,0.0,88.8,585,29.30,49,0,0
1791223452.043,0.0,82.2,585,29.30,49,0,0
1791223452.543,0.0,91.0,585,29.30,49,0,0
1791223453.044,0.0,98.0,585,29.30,49,0,0
1791223453.545,0.0,100.0,585,29.30,49,0,0
1791223454.046,0.0,97.0,585,29.30,49,0,0
1791223454.546,0.0,97.0,585,29.30,49,0,0
1791223455.046,0.0,98.0,585,29.50,49,0,0
1791223455.547,0.0,99.0,585,29.40,49,0,0
1791223456.047,0.0,100.0,585,29.50,49,0,0
1791223456.550,0.0,100.0,585,29.50,49,0,0
1791223457.050,0.0,87.0,585,29.30,49,0,0
1791223457.551,0.0,54.0,585,29.40,49,0,0
1791223458.051,0.0,27.4,585,29.40,50,0,0
1791223458.552,0.0,75.2,585,29.40,50,0,0
1791223459.053,0.0,100.0,585,29.40,50,0,0
1791223459.553,0.0,99.0,585,29.40,50,0,0
1791223460.054,0.0,100.0,585,29.40,50,0,0
1791223460.559,0.0,100.0,585,29.40,50,0,0
1791223461.060,0.0,100.0,585,29.40,50,0,0
1791223461.562,0.0,100.0,585,29.50,50,0,0
1791223462.063,0.0,100.0,585,29.40,50,0,0
1791223462.563,0.0,100.0,585,29.50,50,0,0
1791223463.066,0.0,100.0,585,29.50,50,0,0
1791223463.567,0.0,99.0,585,29.50,50,0,0
1791223464.067,0.0,100.0,585,29.50,50,0,0
1791223464.567,0.0,100.0,585,29.50,50,0,0
1791223465.068,0.0,89.0,585,29.50,50,0,0
1791223465.568,0.0,51.0,585,29.50,50,0,0
1791223466.069,0.0,56.0,585,29.50,50,0,0
1791223466.569,0.0,51.0,585,29.59,50,0,0
1791223467.069,0.0,55.1,585,29.50,51,0,0
1791223467.570,0.0,51.5,585,29.50,51,0,0
1791223468.070,0.0,55.0,585,29.59,51,0,0
1791223468.570,0.0,53.1,585,29.50,51,0,0
1791223469.071,0.0,52.0,585,29.50,51,0,0
1791223469.571,0.0,54.0,585,29.50,51,0,0
1791223470.072,0.0,51.5,585,29.59,51,0,0
1791223470.574,0.0,54.5,585,29.59,51,0,0
1791223471.075,0.0,52.0,585,29.69,51,0,0
1791223471.575,0.0,54.5,585,29.59,51,0,0
1791223472.076,0.0,51.0,585,29.59,51,0,0
1791223472.578,0.0,90.0,585,29.59,51,0,0
1791223473.078,0.0,100.0,585,29.59,51,0,0
1791223473.578,0.0,100.0,585,29.59,51,0,0
1791223474.078,0.0,99.0,585,29.59,51,0,0
1791223474.579,0.0,99.0,585,29.59,51,0,0
1791223475.079,0.0,98.0,585,29.59,51,0,0
1791223475.580,0.0,73.7,585,29.69,51,0,0
1791223476.080,0.0,53.0,585,29.79,51,0,0
1791223476.580,0.0,54.5,585,29.69,52,0,0
1791223477.081,0.0,50.0,585,33.03,52,0,0
1791223477.581,0.0,54.5,630,29.69,52,0,43
1791223478.081,0.0,51.0,630,29.79,52,0,0
1791223478.582,0.0,54.5,630,29.79,52,0,0
1791223479.082,0.0,51.5,630,29.79,52,0,0
1791223479.582,0.0,55.4,585,29.69,52,0,0
1791223480.083,0.0,52.5,585,29.69,52,0,0
1791223480.583,0.0,53.0,585,29.69,52,0,0
1791223481.084,0.0,54.0,585,29.69,52,0,0
1791223481.586,0.0,49.5,585,29.69,52,0,0
1791223482.086,0.0,59.0,585,30.38,52,0,9
1791223482.587,0.0,52.0,585,29.79,52,0,11
1791223483.087,0.0,55.0,585,31.26,52,0,13
1791223483.587,0.0,53.0,585,29.79,52,0,12
1791223484.088,0.0,57.0,585,29.89,52,0,7
1791223484.588,0.0,52.0,585,30.37,52,0,10
1791223485.089,0.0,56.1,585,29.79,52,0,10
1791223485.589,0.0,79.0,585,29.79,53,0,10
1791223486.089,0.0,97.0,585,29.79,52,0,10
1791223486.590,0.0,100.0,585,29.89,53,0,10
1791223487.090,0.0,99.0,585,31.43,53,0,10
1791223487.591,0.0,100.0,585,31.57,53,0,10
1791223488.091,0.0,99.0,585,29.79,53,0,10
1791223488.591,0.0,84.2,585,30.37,53,0,2
1791223489.093,0.0,85.9,585,29.79,53,0,0
1791223489.597,0.0,65.3,585,29.89,53,0,10
1791223490.097,0.0,70.0,585,29.79,53,0,0
1791223490.601,0.0,81.2,585,29.79,53,0,6
1791223491.101,0.0,56.6,585,29.99,53,0,9
1791223491.602,0.0,56.0,585,31.47,53,0,10
1791223492.102,0.0,52.5,585,29.89,53,0,10
1791223492.602,0.0,56.0,585,29.89,53,0,10
1791223493.103,0.0,50.5,585,30.09,53,0,9
1791223493.603,0.0,55.6,585,29.89,53,0,10
1791223494.104,0.0,52.0,585,32.54,53,0,10
1791223494.604,0.0,55.6,585,29.99,53,0,10
1791223495.104,0.0,52.0,585,29.99,54,0,9
1791223495.605,0.0,55.6,585,30.76,54,0,8
1791223496.105,0.0,51.5,585,29.99,54,0,9
1791223496.606,0.0,59.0,585,36.35,54,0,9
1791223497.106,0.0,51.5,585,29.99,54,0,9
1791223497.607,0.0,55.6,585,29.99,54,0,10
1791223498.107,0.0,50.5,585,33.92,54,0,10
1791223498.609,0.0,69.0,585,29.99,54,0,10
1791223499.110,0.0,98.0,585,38.69,54,0,10
1791223499.610,0.0,99.0,585,29.99,54,0,10
1791223500.113,0.0,100.0,585,29.99,54,0,10
1791223500.622,0.0,100.0,585,29.99,54,0,9
1791223501.122,0.0,99.0,585,30.68,54,0,0
1791223501.624,0.0,99.0,585,30.09,54,0,10
1791223502.124,0.0,56.6,585,30.09,54,0,10
1791223502.624,0.0,52.5,585,30.19,54,0,10
1791223503.125,0.0,55.6,585,30.09,54,0,14
1791223503.625,0.0,54.0,585,31.35,54,0,8
1791223504.126,0.0,55.4,585,30.09,54,0,10
1791223504.626,0.0,51.5,585,30.09,54,0,9
1791223505.127,0.0,55.6,585,30.09,54,0,10
1791223505.628,0.0,50.0,585,30.09,54,0,10
1791223506.129,0.0,55.0,585,30.09,54,0,0
1791223506.629,0.0,51.0,585,30.09,55,0,0
1791223507.130,0.0,55.0,585,30.09,55,0,0
1791223507.630,0.0,51.5,585,30.09,55,0,0
1791223508.131,0.0,55.0,585,30.09,55,0,0
1791223508.631,0.0,51.5,585,30.09,55,0,0
1791223509.132,0.0,58.8,585,30.09,55,0,0
1791223509.632,0.0,51.5,585,30.09,55,0,0
1791223510.132,0.0,55.0,585,30.09,55,0,0
1791223510.633,0.0,50.5,585,30.09,55,0,0
1791223511.133,0.0,55.6,585,30.19,55,0,0
1791223511.634,0.0,52.0,585,30.19,55,0,0
1791223512.134,0.0,98.0,585,30.19,55,0,0
1791223512.637,0.0,99.0,585,30.19,55,0,0
1791223513.137,0.0,100.0,585,30.19,55,0,0
1791223513.637,0.0,100.0,585,30.19,55,0,0
1791223514.138,0.0,99.0,585,30.19,55,0,0
1791223514.638,0.0,99.0,585,30.19,55,0,0
1791223515.138,0.0,74.0,585,30.19,55,0,0
1791223515.639,0.0,55.0,585,30.19,55,0,0
1791223516.139,0.0,51.0,585,30.19,55,0,0
1791223516.640,0.0,55.6,585,30.37,55,0,0
1791223517.140,0.0,54.5,585,30.19,56,0,0
1791223517.641,0.0,54.5,585,30.28,56,0,0
1791223518.141,0.0,55.0,585,30.19,56,0,0
1791223518.641,0.0,55.0,585,30.28,56,0,0
1791223519.142,0.0,55.0,585,30.28,56,0,0
1791223519.642,0.0,55.6,585,30.28,56,0,0
1791223520.143,0.0,51.0,585,30.28,56,0,0
1791223520.643,0.0,55.0,585,30.28,56,0,0
1791223521.143,0.0,51.0,585,30.28,56,0,0
1791223521.644,0.0,73.0,585,31.06,56,0,0
1791223522.144,0.0,51.5,585,30.19,56,0,0
1791223522.647,0.0,52.5,585,30.19,56,0,0
1791223523.147,0.0,55.0,585,30.19,56,0,0
1791223523.647,0.0,51.0,585,30.19,56,0,0
1791223524.148,0.0,56.1,585,30.19,56,0,0
1791223524.648,0.0,51.0,585,30.28,56,0,0
1791223525.149,0.0,80.6,585,30.28,56,0,0
1791223525.658,0.0,97.1,585,30.19,56,0,0
1791223526.159,0.0,100.0,585,30.28,56,0,0
1791223526.659,0.0,100.0,585,30.28,56,0,0
1791223527.162,0.0,99.0,585,30.27,56,0,0
1791223527.662,0.0,99.0,585,30.28,56,0,0
1791223528.163,0.0,75.0,585,30.28,56,0,0
1791223528.663,0.0,51.5,585,30.28,56,0,0
1791223529.166,0.0,58.0,585,30.28,56,0,0
1791223529.666,0.0,54.1,585,30.38,57,0,0
1791223530.167,0.0,55.4,585,30.28,57,0,0
1791223530.667,0.0,52.0,585,30.38,57,0,0
1791223531.168,0.0,55.0,585,30.28,57,0,0
1791223531.668,0.0,52.0,585,30.27,57,0,0
1791223532.169,0.0,56.0,585,30.37,57,0,0
1791223532.669,0.0,64.0,585,30.27,57,0,0
1791223533.173,0.0,56.0,585,30.37,57,0,0
1791223533.673,0.0,52.5,585,30.37,57,0,0
1791223534.174,0.0,51.5,585,30.37,57,0,0
1791223534.674,0.0,57.6,585,30.37,57,0,0
1791223535.174,0.0,56.0,585,30.37,57,0,0
1791223535.675,0.0,56.6,585,30.37,57,0,0
1791223536.175,0.0,51.5,585,30.37,57,0,0
1791223536.676,0.0,56.4,585,30.37,57,0,0
1791223537.176,0.0,33.7,585,30.37,57,0,0
1791223537.676,0.0,18.4,585,30.37,57,0,0
1791223538.177,0.0,40.2,585,30.47,57,0,0
1791223538.677,0.0,64.3,585,30.37,57,0,0
1791223539.178,0.0,57.4,585,30.37,57,0,0
1791223539.680,0.0,86.7,585,30.47,57,0,0
1791223540.180,0.0,81.2,585,30.47,57,0,0
1791223540.680,0.0,54.5,585,30.47,57,0,0
1791223541.181,0.0,19.6,585,30.47,57,0,0
1791223541.681,0.0,9.4,585,30.47,57,0,0
1791223542.182,0.0,8.3,585,30.47,58,0,0
1791223542.682,0.0,17.5,585,30.47,58,0,0
